ownerName,phoneNumber,domicile,email,categoryCertificate,certificateId,title,certificateDate,expiredDate
Tracey Cartwright,,9812 Gorczany Square,Crystal_Schroeder94@gmail.com,peserta,6d01027a-deb9-48f6-ade8-ecf283bd5afd,Demitto combibo appositus.,2024-07-16,2024-10-30
Genevieve Hessel,,47519 Steuber Isle,Freda.Koelpin20@yahoo.com,peserta,4062f107-7c02-4db9-9155-cf1e965301b7,Demitto combibo appositus.,2024-07-15,2025-02-20
Marcella Kessler,,745 Dario Ridge,Berneice.Rutherford53@gmail.com,peserta,7bbb88a6-6aa9-4878-87e3-7ae77980f083,Demitto combibo appositus.,2024-07-16,2025-02-14
Jaime Rempel,,1748 Highfield Avenue,Benedict_Denesik50@hotmail.com,peserta,2e39a240-5e4f-47fe-ae78-8f80c4c1b0c1,Demitto combibo appositus.,2024-07-16,2024-12-26
Candace Abshire-Hilpert,,92902 Keagan Flats,Marietta.Funk@gmail.com,peserta,0ffd4884-fedf-477b-ace2-760711ae5191,Demitto combibo appositus.,2024-07-15,2025-04-12
Hazel MacGyver,,77890 Auer Unions,Carmel.Harvey@gmail.com,peserta,de452dfb-64af-44e1-be86-ac502cbfca0b,Demitto combibo appositus.,2024-07-15,2025-05-20
Lindsay Hermiston,,94945 Ford Center,Kole_Farrell@yahoo.com,peserta,61b88554-5cc0-4125-9fea-064562b164a7,Demitto combibo appositus.,2024-07-15,2024-10-06
Ms. Arlene Hammes,,33282 Nichole Harbors,Jett.Williamson23@gmail.com,peserta,1fcc40f7-1f03-431f-96ae-670fc5249bbd,Demitto combibo appositus.,2024-07-15,2025-01-06
Jesse Runolfsdottir,,43821 The Hawthorns,Oda_Christiansen@yahoo.com,peserta,6b125ae7-fad3-442a-b8c4-1f08114332de,Demitto combibo appositus.,2024-07-15,2025-07-08
Oliver Beahan,,670 Bette Mountains,Krista.Fisher52@hotmail.com,peserta,1dd89cba-0782-46df-a729-d83111f19bf7,Demitto combibo appositus.,2024-07-15,2024-08-12
Edna Schulist,,1311 Tennyson Road,Summer.Padberg51@hotmail.com,peserta,848f7279-b7a2-4461-bca4-ce22bfeafe40,Demitto combibo appositus.,2024-07-16,2025-01-16
Miss Madeline Heathcote,,21964 Jerde Isle,Nona.Gleichner74@hotmail.com,peserta,b1896ab4-4119-4a5c-b8d1-d3f0d3a84d17,Demitto combibo appositus.,2024-07-15,2024-08-19
Jody Mills,,324 E Main Street,Maya.Murphy@gmail.com,peserta,1dd8a097-781f-4539-8463-79aa39154e89,Demitto combibo appositus.,2024-07-15,2024-11-14
Dr. Steve Kovacek,,188 Ricardo Parkway,Kassandra_Fahey24@hotmail.com,peserta,57763710-48e1-4dd5-87bb-cd72bc162d17,Demitto combibo appositus.,2024-07-15,2025-02-13
Debra Balistreri,,186 Denesik Landing,Walton_Wisozk44@yahoo.com,peserta,8ee1c2ba-942c-41e1-b9d5-216e10e964a7,Demitto combibo appositus.,2024-07-16,2025-01-09
Mathew Boehm,,91674 Michelle Summit,Vicente.Jacobson@gmail.com,peserta,8c509612-10b2-4069-93ce-67841eae058c,Demitto combibo appositus.,2024-07-16,2024-08-14
Mr. Duane Gusikowski,,5064 E 14th Street,Celine_Kuphal@gmail.com,peserta,6289f1c8-c568-4288-82d7-0f91ed270e07,Demitto combibo appositus.,2024-07-15,2024-08-08
Gustavo Hane,,67157 Bluebell Close,Uriel_Jones-Feest77@yahoo.com,peserta,49c13253-2419-42a7-a2a4-1668d2f86119,Demitto combibo appositus.,2024-07-15,2024-12-15
Maria Heathcote,,441 Herminio Field,Justus_Fritsch86@gmail.com,peserta,76664459-1569-431a-8730-4f6fe46b6c34,Demitto combibo appositus.,2024-07-15,2025-04-01
William Cronin,,56465 Delores Inlet,Wilton_Williamson@hotmail.com,peserta,03347bfc-1096-48ea-babf-b6fbe79f81dc,Demitto combibo appositus.,2024-07-15,2025-01-09